{
  "precision": 0.5208256441042353,
  "recall": 0.009134134134134135,
  "mAP50": 0.002266876128267337,
  "mAP50-95": 0.001583415258588762
}